From TID, From JID,   To TID,   To JID
       2,        1,        2,        2
       2,        2,        2,        3
       2,        3,        2,        4
       2,        1,        2,        5
       2,        5,        2,        6
       2,        6,        2,        7
       2,        1,        2,        8
       2,        8,        2,        9
       2,        8,        2,       10
       2,       10,        2,       11
       2,        4,        2,       12
       2,        7,        2,       12
       2,       11,        2,       12
       2,        9,        2,       13
       2,       12,        2,       13
       2,      101,        2,      102
       2,      102,        2,      103
       2,      103,        2,      104
       2,      101,        2,      105
       2,      105,        2,      106
       2,      106,        2,      107
       2,      101,        2,      108
       2,      108,        2,      109
       2,      108,        2,      110
       2,      110,        2,      111
       2,      104,        2,      112
       2,      107,        2,      112
       2,      111,        2,      112
       2,      109,        2,      113
       2,      112,        2,      113
       2,      201,        2,      202
       2,      202,        2,      203
       2,      203,        2,      204
       2,      201,        2,      205
       2,      205,        2,      206
       2,      206,        2,      207
       2,      201,        2,      208
       2,      208,        2,      209
       2,      208,        2,      210
       2,      210,        2,      211
       2,      204,        2,      212
       2,      207,        2,      212
       2,      211,        2,      212
       2,      209,        2,      213
       2,      212,        2,      213
       2,      301,        2,      302
       2,      302,        2,      303
       2,      303,        2,      304
       2,      301,        2,      305
       2,      305,        2,      306
       2,      306,        2,      307
       2,      301,        2,      308
       2,      308,        2,      309
       2,      308,        2,      310
       2,      310,        2,      311
       2,      304,        2,      312
       2,      307,        2,      312
       2,      311,        2,      312
       2,      309,        2,      313
       2,      312,        2,      313
       2,      401,        2,      402
       2,      402,        2,      403
       2,      403,        2,      404
       2,      401,        2,      405
       2,      405,        2,      406
       2,      406,        2,      407
       2,      401,        2,      408
       2,      408,        2,      409
       2,      408,        2,      410
       2,      410,        2,      411
       2,      404,        2,      412
       2,      407,        2,      412
       2,      411,        2,      412
       2,      409,        2,      413
       2,      412,        2,      413
       2,      501,        2,      502
       2,      502,        2,      503
       2,      503,        2,      504
       2,      501,        2,      505
       2,      505,        2,      506
       2,      506,        2,      507
       2,      501,        2,      508
       2,      508,        2,      509
       2,      508,        2,      510
       2,      510,        2,      511
       2,      504,        2,      512
       2,      507,        2,      512
       2,      511,        2,      512
       2,      509,        2,      513
       2,      512,        2,      513
       3,        1,        3,        2
       3,        2,        3,        3
       3,        2,        3,        4
       3,        2,        3,        5
       3,        4,        3,        6
       3,        5,        3,        6
       3,        1,        3,        7
       3,        7,        3,        8
       3,        7,        3,        9
       3,        7,        3,       10
       3,        8,        3,       11
       3,        9,        3,       11
       3,       10,        3,       11
       3,        1,        3,       12
       3,       12,        3,       13
       3,       12,        3,       14
       3,       13,        3,       15
       3,        6,        3,       16
       3,       11,        3,       16
       3,       15,        3,       16
       3,        3,        3,       17
       3,       14,        3,       17
       3,       16,        3,       17
       3,      101,        3,      102
       3,      102,        3,      103
       3,      102,        3,      104
       3,      102,        3,      105
       3,      104,        3,      106
       3,      105,        3,      106
       3,      101,        3,      107
       3,      107,        3,      108
       3,      107,        3,      109
       3,      107,        3,      110
       3,      108,        3,      111
       3,      109,        3,      111
       3,      110,        3,      111
       3,      101,        3,      112
       3,      112,        3,      113
       3,      112,        3,      114
       3,      113,        3,      115
       3,      106,        3,      116
       3,      111,        3,      116
       3,      115,        3,      116
       3,      103,        3,      117
       3,      114,        3,      117
       3,      116,        3,      117
       3,      201,        3,      202
       3,      202,        3,      203
       3,      202,        3,      204
       3,      202,        3,      205
       3,      204,        3,      206
       3,      205,        3,      206
       3,      201,        3,      207
       3,      207,        3,      208
       3,      207,        3,      209
       3,      207,        3,      210
       3,      208,        3,      211
       3,      209,        3,      211
       3,      210,        3,      211
       3,      201,        3,      212
       3,      212,        3,      213
       3,      212,        3,      214
       3,      213,        3,      215
       3,      206,        3,      216
       3,      211,        3,      216
       3,      215,        3,      216
       3,      203,        3,      217
       3,      214,        3,      217
       3,      216,        3,      217
       3,      301,        3,      302
       3,      302,        3,      303
       3,      302,        3,      304
       3,      302,        3,      305
       3,      304,        3,      306
       3,      305,        3,      306
       3,      301,        3,      307
       3,      307,        3,      308
       3,      307,        3,      309
       3,      307,        3,      310
       3,      308,        3,      311
       3,      309,        3,      311
       3,      310,        3,      311
       3,      301,        3,      312
       3,      312,        3,      313
       3,      312,        3,      314
       3,      313,        3,      315
       3,      306,        3,      316
       3,      311,        3,      316
       3,      315,        3,      316
       3,      303,        3,      317
       3,      314,        3,      317
       3,      316,        3,      317
       4,        1,        4,        2
       4,        2,        4,        3
       4,        2,        4,        4
       4,        2,        4,        5
       4,        3,        4,        6
       4,        1,        4,        7
       4,        1,        4,        8
       4,        8,        4,        9
       4,        8,        4,       10
       4,        8,        4,       11
       4,        6,        4,       12
       4,        4,        4,       13
       4,        5,        4,       13
       4,        7,        4,       13
       4,        9,        4,       13
       4,       10,        4,       13
       4,       11,        4,       13
       4,       12,        4,       13
       4,      101,        4,      102
       4,      102,        4,      103
       4,      102,        4,      104
       4,      102,        4,      105
       4,      103,        4,      106
       4,      101,        4,      107
       4,      101,        4,      108
       4,      108,        4,      109
       4,      108,        4,      110
       4,      108,        4,      111
       4,      106,        4,      112
       4,      104,        4,      113
       4,      105,        4,      113
       4,      107,        4,      113
       4,      109,        4,      113
       4,      110,        4,      113
       4,      111,        4,      113
       4,      112,        4,      113
       4,      201,        4,      202
       4,      202,        4,      203
       4,      202,        4,      204
       4,      202,        4,      205
       4,      203,        4,      206
       4,      201,        4,      207
       4,      201,        4,      208
       4,      208,        4,      209
       4,      208,        4,      210
       4,      208,        4,      211
       4,      206,        4,      212
       4,      204,        4,      213
       4,      205,        4,      213
       4,      207,        4,      213
       4,      209,        4,      213
       4,      210,        4,      213
       4,      211,        4,      213
       4,      212,        4,      213
       4,      301,        4,      302
       4,      302,        4,      303
       4,      302,        4,      304
       4,      302,        4,      305
       4,      303,        4,      306
       4,      301,        4,      307
       4,      301,        4,      308
       4,      308,        4,      309
       4,      308,        4,      310
       4,      308,        4,      311
       4,      306,        4,      312
       4,      304,        4,      313
       4,      305,        4,      313
       4,      307,        4,      313
       4,      309,        4,      313
       4,      310,        4,      313
       4,      311,        4,      313
       4,      312,        4,      313
       1,        1,        1,        2
       1,        2,        1,        3
       1,        3,        1,        4
       1,        2,        1,        5
       1,        4,        1,        6
       1,        1,        1,        7
       1,        7,        1,        8
       1,        7,        1,        9
       1,        8,        1,       10
       1,        9,        1,       10
       1,        1,        1,       11
       1,       11,        1,       12
       1,       11,        1,       13
       1,       11,        1,       14
       1,       12,        1,       15
       1,       13,        1,       15
       1,        6,        1,       16
       1,       10,        1,       16
       1,       15,        1,       16
       1,        5,        1,       17
       1,       14,        1,       17
       1,       16,        1,       17
       1,      101,        1,      102
       1,      102,        1,      103
       1,      103,        1,      104
       1,      102,        1,      105
       1,      104,        1,      106
       1,      101,        1,      107
       1,      107,        1,      108
       1,      107,        1,      109
       1,      108,        1,      110
       1,      109,        1,      110
       1,      101,        1,      111
       1,      111,        1,      112
       1,      111,        1,      113
       1,      111,        1,      114
       1,      112,        1,      115
       1,      113,        1,      115
       1,      106,        1,      116
       1,      110,        1,      116
       1,      115,        1,      116
       1,      105,        1,      117
       1,      114,        1,      117
       1,      116,        1,      117
       1,      201,        1,      202
       1,      202,        1,      203
       1,      203,        1,      204
       1,      202,        1,      205
       1,      204,        1,      206
       1,      201,        1,      207
       1,      207,        1,      208
       1,      207,        1,      209
       1,      208,        1,      210
       1,      209,        1,      210
       1,      201,        1,      211
       1,      211,        1,      212
       1,      211,        1,      213
       1,      211,        1,      214
       1,      212,        1,      215
       1,      213,        1,      215
       1,      206,        1,      216
       1,      210,        1,      216
       1,      215,        1,      216
       1,      205,        1,      217
       1,      214,        1,      217
       1,      216,        1,      217
